title,date,adj close,volume,diff1_adj_close,target_1day,diff2_adj_close,target_2day
"Garuda Batal Terbitkan Surat Utang Rp 12,6 T, Ada Apa?",2020-01-06,494.0,11610700.0,-8.0,0,-26.0,0
"Sebelum Transaksi, Simak Sejumlah Kabar dari Pasar",2020-01-07,486.0,24567800.0,-18.0,0,-30.0,0
"Harga Minyak Sedang Naik, Waspadai Saham-saham Ini",2020-01-07,486.0,24567800.0,-18.0,0,-30.0,0
"Konflik AS-Iran, Penerbangan Garuda ke Eropa Aman Gak?",2020-01-09,456.0,25287500.0,10.0,1,16.0,1
Ssst...Erick Thohir Sudah Kantongi Nama Direksi Garuda,2020-01-10,466.0,30681600.0,6.0,1,6.0,1
"Erick Thohir Akhirnya Ungkap Modus BUMN Vermak Lapkeu, Duh!",2020-01-11,472.0,47354300.0,0.0,0,0.0,0
"3 BUMN Bakal Terbitkan Surat Utang Total Rp 27 T, untuk Apa?",2020-01-13,472.0,47354300.0,-4.0,0,-16.0,0
"Direksi-Komisaris Garuda Dirombak, Ini Bocoran Sosok Dirutnya",2020-01-13,472.0,47354300.0,-4.0,0,-16.0,0
"Tak Hanya Surat Utang, Erick Soroti Modus BUMN Permak Lapkeu",2020-01-13,472.0,47354300.0,-4.0,0,-16.0,0
"BCA-WeChat Siap Bermitra, Begini Sosok Calon Bos Garuda",2020-01-14,468.0,17727700.0,-12.0,0,-12.0,0
"Irfan Setiaputra Dipanggil BUMN, Bakal Jadi Dirut Garuda?",2020-01-14,468.0,17727700.0,-12.0,0,-12.0,0
Rombak Habis! Erick Sinyalkan Ganti Dirut-Komut Garuda,2020-01-17,452.0,8908800.0,4.0,1,4.0,1
"Ganti Dirut dan Komut Garuda, Erick: Calon Sudah Ada",2020-01-17,452.0,8908800.0,4.0,1,4.0,1
"Calon Dirut Garuda Sudah Ada, BPK Investigasi Asabri",2020-01-20,456.0,20606000.0,-2.0,0,-16.0,0
"Dari Bekraf, Triawan Terbang ke Garuda?",2020-01-21,454.0,11910500.0,-14.0,0,-30.0,0
"Beredar! Irfan Jadi Dirut Garuda, Triawan Munaf Komut",2020-01-21,454.0,11910500.0,-14.0,0,-30.0,0
Ini Strategi Move On Sriwijaya Air Usai 'Cerai' dengan Garuda,2020-01-21,454.0,11910500.0,-14.0,0,-30.0,0
Siapa Irfan Setiaputra yang Disebut Calon Dirut Garuda?,2020-01-21,454.0,11910500.0,-14.0,0,-30.0,0
"Yenny Wahid Jadi Komisaris Garuda, Alasannya Apa Mas Erick?",2020-01-22,440.0,48496900.0,-16.0,0,-28.0,0
Ini Pesan Erick Thohir ke Triawan Munaf soal Garuda,2020-01-22,440.0,48496900.0,-16.0,0,-28.0,0
"Bongkar Direksi & Komisaris, Begini Arah Saham Garuda",2020-01-22,440.0,48496900.0,-16.0,0,-28.0,0
"Jadi Direktur Niaga & Kargo Garuda, Siapa Rizal Pahlevi?",2020-01-22,440.0,48496900.0,-16.0,0,-28.0,0
"Ini Permintaan Erick ke Irfan Setiaputra, Bos Baru Garuda",2020-01-22,440.0,48496900.0,-16.0,0,-28.0,0
"RUPSLB Garuda, 98% Setuju Irfan Jadi Dirut & Triawan Komut",2020-01-22,440.0,48496900.0,-16.0,0,-28.0,0
"Gelar RUPSLB Pagi Ini, Saham Garuda Mulai Lepas Landas",2020-01-22,440.0,48496900.0,-16.0,0,-28.0,0
"Garuda Punya Wadirut & Wakomut, Ini Alasan Perubahan Struktur",2020-01-22,440.0,48496900.0,-16.0,0,-28.0,0
"Komisaris Garuda: Triawan Munaf, Chairal Tanjung, Yenny Wahid",2020-01-22,440.0,48496900.0,-16.0,0,-28.0,0
Sah! Irfan Setiaputra Jadi Dirut & Triawan Munaf Komut Garuda,2020-01-22,440.0,48496900.0,-16.0,0,-28.0,0
"RUPSLB Garuda, Chairal Tanjung Bakal Jadi Wakomut?",2020-01-22,440.0,48496900.0,-16.0,0,-28.0,0
"RUPSLB Pagi Ini, Irfan Jadi Dirut Garuda & Triawan Komut?",2020-01-22,440.0,48496900.0,-16.0,0,-28.0,0
"Irfan Setiaputra Jadi Bos Garuda, Ini Sepak Terjangnya",2020-01-22,440.0,48496900.0,-16.0,0,-28.0,0
"Sempat Mundur dari Perusahaan Sandiaga, Yenny Wahid ke Garuda",2020-01-23,424.0,31609100.0,-12.0,0,-38.0,0
Ternyata Ini Alasan Erick Pertahankan Fuad Rizal di Garuda,2020-01-23,424.0,31609100.0,-12.0,0,-38.0,0
Garuda Batalkan Pesanan 49 Pesawat Boeing 737 Max 8,2020-01-23,424.0,31609100.0,-12.0,0,-38.0,0
"Jadi Komisaris, Elisa Lumbantoruan Bukan Orang Baru di Garuda",2020-01-23,424.0,31609100.0,-12.0,0,-38.0,0
"Sosok Dony Oskaria, Wadirut Garuda yang Sempat Jadi Komisaris",2020-01-23,424.0,31609100.0,-12.0,0,-38.0,0
"Anjlok Saat RUPSLB Garuda, Saham GMFI Mulai Terbang Lagi",2020-01-23,424.0,31609100.0,-12.0,0,-38.0,0
Simak Kabar Aksi Korporasi dari Sejumlah Emiten,2020-01-23,424.0,31609100.0,-12.0,0,-38.0,0
"BRI Cetak Laba Rp 34,4 T, Garuda Batal Beli Boeing 737 Max 8",2020-01-24,412.0,22781100.0,-26.0,0,-26.0,0
"Lion Air Roadshow IPO, Diyakini Terealisasi di Awal 2020",2020-01-24,412.0,22781100.0,-26.0,0,-26.0,0
"Cari Utang Baru, Bos Baru Garuda Siap Tekan Utang",2020-01-24,412.0,22781100.0,-26.0,0,-26.0,0
"Antisipasi Virus Corona, Ini Langkah Garuda",2020-01-24,412.0,22781100.0,-26.0,0,-26.0,0
"Waspada Corona, Garuda Tegaskan Tak Ada Penerbangan ke Wuhan",2020-01-25,386.0,34512600.0,0.0,0,0.0,0
"800 Rekening Saham Diblokir Gegara Jiwasraya, Lion Siap IPO",2020-01-27,386.0,34512600.0,30.0,1,40.0,1
"Direksi & Komisaris Dirombak, Saham Garuda Disarankan Beli",2020-01-27,386.0,34512600.0,30.0,1,40.0,1
"Pak Erick, Mayoritas Saham BUMN Merah & 11 Anjlok Lebih 10%",2020-01-27,386.0,34512600.0,30.0,1,40.0,1
"Refinancing, Garuda akan Terbitkan Sukuk Global Rp 6,8 T",2020-01-28,416.0,36828600.0,10.0,1,2.0,1
"KRAS Restrukturisasi Utang Rp 27 T, Bos Jiwasraya Diperiksa",2020-01-29,426.0,29232100.0,-8.0,0,-22.0,0
"Lion Air Mulai Roadshow, Serius Nih Mau IPO Pak Rusdi Kirana?",2020-01-29,426.0,29232100.0,-8.0,0,-22.0,0
"29 Perusahaan Antre IPO Tahun Ini, Yuk Simak Ada yang Jumbo",2020-01-31,404.0,21189700.0,-16.0,0,-16.0,0
"Seumur Jagung Jadi Menteri, Erick Rombak Pengurus 10 BUMN",2020-02-03,388.0,10208300.0,-2.0,0,-8.0,0
"Corona Bikin Cemas, Garuda Tunda Penerbangan dari & ke China",2020-02-03,388.0,10208300.0,-2.0,0,-8.0,0
"Duh! Warga China Dilarang Masuk, Pariwisata RI Bisa Tertekan",2020-02-03,388.0,10208300.0,-2.0,0,-8.0,0
"Siap-siap Tarik Investor, GMF AeroAsia Mau Private Placement",2020-02-04,386.0,7198600.0,-6.0,0,10.0,1
"Medco Rilis Utang Jumbo Rp 8,8 T, Saham Emiten Hotel 'Ambruk'",2020-02-04,386.0,7198600.0,-6.0,0,10.0,1
Ini Alasan Erick Thohir Rombak Direksi & Komisaris di 10 BUMN,2020-02-04,386.0,7198600.0,-6.0,0,10.0,1
"Gencar Ekspansi, Anak Usaha Garuda Masuk Pasar Australia",2020-02-04,386.0,7198600.0,-6.0,0,10.0,1
Triawan Munaf Gabung Investor Gojek & Tokopedia Ini,2020-02-04,386.0,7198600.0,-6.0,0,10.0,1
"Recapital Kena Sanksi, Ilham Habibie Dapat Restu di Muamalat",2020-02-05,380.0,12752800.0,16.0,1,6.0,1
"Hindari Virus Corona, Garuda Siap Jemput WNI di China",2020-02-05,380.0,12752800.0,16.0,1,6.0,1
Kenapa RI Evakuasi WNI dari China Pakai Batik Air?,2020-02-06,396.0,21319700.0,-10.0,0,-18.0,0
"Jutaan Orang Ogah Naik Pesawat Lagi, Apa Biang Keroknya?",2020-02-08,378.0,16265000.0,0.0,0,0.0,0
"Duh! Erick Mulai Khawatir, Virus Corona Bakal Ganggu BUMN",2020-02-10,378.0,16265000.0,-4.0,0,-10.0,0
"Corona Bikin Garuda Setop Terbang ke China, Apa Dampaknya?",2020-02-11,374.0,8272900.0,-6.0,0,-18.0,0
"Gebrakan Erick! 4 Bulan, Direksi & Komisaris 15 BUMN Dirombak",2020-02-11,374.0,8272900.0,-6.0,0,-18.0,0
Curhat Seorang Dirut BUMN: Sudah Merugi Seperempat Abad,2020-02-19,342.0,23084100.0,-8.0,0,-24.0,0
"Bikin Mubazir, Erick Thohir Bakal Tutup 5 Anak Usaha Garuda",2020-02-20,334.0,19275500.0,-16.0,0,-32.0,0
"Biar Mudah Diawasi, Erick Thohir Bagi BUMN jadi 15 Klaster",2020-02-21,318.0,27315700.0,-16.0,0,-16.0,0
"Dirut-Komut BNI Dirombak, 5 Anak Usaha Garuda Mau Ditutup",2020-02-21,318.0,27315700.0,-16.0,0,-16.0,0
Erick Sentil Bos-bos BUMN: Bikin Business Plan Nggak Bisa!,2020-02-22,302.0,29278400.0,0.0,0,0.0,0
Apa Jurus Erick Thohir untuk BUMN Sekarat?,2020-02-22,302.0,29278400.0,0.0,0,0.0,0
"Bayar Utang Jatuh Tempo, Garuda Bakal Terbitkan Sukuk Global",2020-02-27,268.0,35399200.0,-18.0,0,-14.0,0
Bakal Ditutup! Cucu Usaha Garuda 'Tauberes' yang Bikin Ngakak,2020-02-27,268.0,35399200.0,-18.0,0,-14.0,0
"Global Dikepung Corona, Garuda 'Pede' Buka Rute Baru",2020-02-27,268.0,35399200.0,-18.0,0,-14.0,0
Garuda Siap Jemput WNI di Diamond Princess dan Arab,2020-02-27,268.0,35399200.0,-18.0,0,-14.0,0
Simak Berita Laba Astra hingga Nasib PHK Karyawan Indosat,2020-02-28,250.0,27231000.0,4.0,1,4.0,1
"Saham Emiten BUMN Rontok Sejak Awal Tahun, Ada Apa?",2020-02-28,250.0,27231000.0,4.0,1,4.0,1
Ini Kabar Terbaru Moge & Brompton Ari Askhara yang Disita,2020-02-28,250.0,27231000.0,4.0,1,4.0,1
Evakuasi WNI ABK Diamond Princess Siap Dimulai!,2020-02-29,254.0,58779800.0,0.0,0,0.0,0
Catat! Garuda Sediakan 65.700 Tiket Diskon per Bulan,2020-02-29,254.0,58779800.0,0.0,0,0.0,0
"Mulai Hari Ini, Garuda Indonesia Tebar Diskon Harga Tiket 50%",2020-03-01,254.0,58779800.0,0.0,0,14.0,1
"RI Terpapar Corona, Simak Saham Potensi Cuan Hari Ini",2020-03-03,268.0,46877900.0,8.0,1,16.0,1
"IHSG Rebound, Saham-saham BUMN Cuan Besar",2020-03-03,268.0,46877900.0,8.0,1,16.0,1
"Turis Korsel Dilarang Masuk RI, Apa Kabar Penerbangan Garuda?",2020-03-05,284.0,63789200.0,-6.0,0,-34.0,0
"6.088 Positif Corona di Korsel, kok Garuda Tetap Layani Seoul",2020-03-06,278.0,21250400.0,-28.0,0,-28.0,0
Streaming! Ampuhkan Insentif Pemerintah Selamatkan Maskapai?,2020-03-07,250.0,26576100.0,0.0,0,0.0,0
"Mari Tenang, Yuk Pilih Saham Rekomendasi Broker Hari Ini",2020-03-13,222.0,16959000.0,-14.0,0,-14.0,0
"Skenario Terburuk Mudik Dilarang, Uang Tiket 100% Kembali!",2020-03-27,185.0,63348500.0,-10.0,0,-10.0,0
Surprise! Garuda Akhirnya Cetak Laba Bersih Rp 112 M di 2019,2020-03-30,175.0,14636900.0,6.0,1,7.0,1
"Banyak Emiten Rilis Lapkeu 2019, Simak Ini Rekapnya",2020-03-31,181.0,15991300.0,1.0,1,2.0,1
"Dampak Covid-19, Erick Thohir: Tak Ada PHK di Perusahaan BUMN",2020-04-03,191.0,25774900.0,19.0,1,19.0,1
"Garuda Tauberes Tutup, Ini Kata Bos Garuda soal Nasib Pegawai",2020-04-03,191.0,25774900.0,19.0,1,19.0,1
"Garuda Lebur 6 Anak-Cucu Usaha, Biar Lebih Fokus",2020-04-03,191.0,25774900.0,19.0,1,19.0,1
Erick Thohir: 70% dari 147 BUMN & 800 Anak-Cucu Usaha Dilebur,2020-04-03,191.0,25774900.0,19.0,1,19.0,1
Erick Thohir: Target Setoran Dividen BUMN di 2020 Meleset,2020-04-03,191.0,25774900.0,19.0,1,19.0,1
"Erick Thohir Beberkan BUMN Terimbas Covid-19, Ini Daftarnya",2020-04-03,191.0,25774900.0,19.0,1,19.0,1
"Hari Ini Erick Putuskan, 3 BUMN Tutup 51 Anak-Cucu Usaha",2020-04-03,191.0,25774900.0,19.0,1,19.0,1
"Ekonomi Berat BUMN Mulai Restrukturisasi Utang, Siapa Saja?",2020-04-03,191.0,25774900.0,19.0,1,19.0,1
"Ratusan BUMN & Anak-Cucu Usaha Bakal Ditutup, Tak Ada PHK",2020-04-04,210.0,42961500.0,0.0,0,0.0,0
"Bisa Tunda KPR Bila Terdampak Corona, 3 BUMN Tutup Anak Usaha",2020-04-06,210.0,42961500.0,8.0,1,-6.0,0
"Beban Perusahaan Naik, Anak Usaha Garuda Rugi Rp 51 Miliar",2020-04-07,218.0,31701100.0,-14.0,0,-8.0,0
"Garuda, AirAsia & Malindo Potong Gaji Karyawan, Demi Survive!",2020-04-17,197.0,15710500.0,-4.0,0,-4.0,0
"Potong Gaji Karyawan, Ini Penjelasan Lengkap Manajemen Garuda",2020-04-17,197.0,15710500.0,-4.0,0,-4.0,0
Garuda Potong Gaji Direksi & Karyawan 10% Hingga 50%,2020-04-17,197.0,15710500.0,-4.0,0,-4.0,0
"Refly Harun Dicopot, 2 Perwira Merapat ke Pelindo I",2020-04-20,193.0,15161400.0,-10.0,0,-11.0,0
"Emiten Pariwisata Ngos-ngosan Dihajar Corona, Ini Strateginya",2020-04-20,193.0,15161400.0,-10.0,0,-11.0,0
"Efek Covid-19, Mulai Ramai Emiten Potong Gaji Karyawan",2020-04-20,193.0,15161400.0,-10.0,0,-11.0,0
"Ramai Penerapan PSBB, Saham-saham ini Kena Getahnya",2020-04-20,193.0,15161400.0,-10.0,0,-11.0,0
"Deretan Emiten Ini Pangkas Gaji Karyawan, Semua Demi Survive!",2020-04-20,193.0,15161400.0,-10.0,0,-11.0,0
"Gegara Covid-19, Pendapatan Garuda Bisa Tertekan 33% di Q1",2020-04-22,182.0,8551600.0,-3.0,0,-15.0,0
"Jalani Masa Terburuk, Garuda Siapkan 12 Jurus demi Bertahan",2020-04-22,182.0,8551600.0,-3.0,0,-15.0,0
"Tak Terima THR, Begini Respons Para Direksi BUMN",2020-04-22,182.0,8551600.0,-3.0,0,-15.0,0
Bunga Cicilan Bank-Leasing Dibayar Negara & Kabar dari Pasar,2020-04-23,179.0,19096800.0,-12.0,0,-17.0,0
"Deretan Emiten Ini Terimbas PSBB, Seberapa Kuat Kasnya?",2020-04-24,167.0,31516400.0,-5.0,0,-5.0,0
Pesawat Komersial Dilarang! Gimana Nasib Garuda & AirAsia Cs?,2020-04-24,167.0,31516400.0,-5.0,0,-5.0,0
"Pesawat Dilarang Terbang, IHSG Ikut Tumbang 0,81% di Sesi I",2020-04-24,167.0,31516400.0,-5.0,0,-5.0,0
"Garuda Indonesia Pangkas Gaji, Bagaimana dengan Perum Damri?",2020-04-24,167.0,31516400.0,-5.0,0,-5.0,0
Corona Buat Saham Raksasa Maskapai Dunia Tumbang Hingga 70%,2020-04-24,167.0,31516400.0,-5.0,0,-5.0,0
"Esok Penerbangan Disetop, Yang Udah Beli Tiket Garuda Gimana?",2020-04-24,167.0,31516400.0,-5.0,0,-5.0,0
Erick Thohir Tunjuk Eks Dirjen Udara Jadi Komut AP II,2020-04-27,162.0,13003600.0,22.0,1,18.0,1
"Garuda Punya Utang Jatuh Tempo Juni Rp 7,7 T",2020-04-29,180.0,20967700.0,8.0,1,1.0,1
"Dampak Covid-19, Garuda Akan Kembalikan 18 Pesawat Bombardier",2020-04-29,180.0,20967700.0,8.0,1,1.0,1
"Gaji 25.000 Karyawan Ditunda, Bos Garuda: PHK Opsi Terakhir",2020-04-29,180.0,20967700.0,8.0,1,1.0,1
Ada Harapan IHSG Lanjutkan Penguatan Hari Ini,2020-04-29,180.0,20967700.0,8.0,1,1.0,1
"Bayar Sewa Pesawat Rp 25 M/bulan, Bos Garuda: Terlalu Mahal!",2020-04-29,180.0,20967700.0,8.0,1,1.0,1
"Lapkeu Q1 Mulai Ramai, Hingga S&P Pangkas Prospek Bank BUMN",2020-04-30,188.0,32721600.0,-7.0,0,-7.0,0
BUMN Transportasi Boncos: Garuda hingga KAI 'Terpapar' Corona,2020-04-30,188.0,32721600.0,-7.0,0,-7.0,0
"Garuda Cs Merana, 8 Maskapai Global Ini Lebih Nahas Nasibnya",2020-04-30,188.0,32721600.0,-7.0,0,-7.0,0
"Negosiasi Utang, Garuda Surati Pemegang Sukuk US$ 500 Juta",2020-05-05,198.0,72208800.0,8.0,1,48.0,1
Erick Thohir Sebut Deretan BUMN Ini Berjibaku Lawan Corona,2020-05-06,206.0,49666300.0,40.0,1,40.0,1
"Bio Farma Siap Pasok Remdesivir, Garuda Mulai Nego Utang",2020-05-06,206.0,49666300.0,40.0,1,40.0,1
"Modal Kerja, Garuda Raih Kredit US$ 50 Juta & Rp 2 T dari BRI",2020-05-06,206.0,49666300.0,40.0,1,40.0,1
"Perhatian! Mulai Dini Hari, Bisa Terbang dengan Garuda Lagi",2020-05-06,206.0,49666300.0,40.0,1,40.0,1
Mau Naik Garuda? Ada Syarat yang Harus Dipenuhi Lho,2020-05-06,206.0,49666300.0,40.0,1,40.0,1
"Garuda Boleh Terbang Lagi, Erick Thohir Minta Patuhi Protokol",2020-05-07,246.0,363243100.0,0.0,0,-16.0,0
"Usai Garuda, Lion Air Terbang Lagi 10 Mei, Tak Layani Pemudik",2020-05-08,246.0,363243100.0,-16.0,0,-16.0,0
"Dapat Fasilitas Pinjaman dari BRI, Ini Penjelasan Bos Garuda",2020-05-08,246.0,363243100.0,-16.0,0,-16.0,0
"Garuda Sudah Terbang Lagi, ke Mana Saja Rutenya?",2020-05-08,246.0,363243100.0,-16.0,0,-16.0,0
"Ada Kabar Samin Tan jadi Buron KPK, Hingga Utang Emiten Naik",2020-05-08,246.0,363243100.0,-16.0,0,-16.0,0
Simak Saham Pilihan di Hari Terjepit Nasional,2020-05-08,246.0,363243100.0,-16.0,0,-16.0,0
Pemerintah Bantu Garuda Indonesia Bayar Utang Jatuh Tempo,2020-05-08,246.0,363243100.0,-16.0,0,-16.0,0
Ini Daftar Saham yang Amsyong & Cuan Pekan Lalu,2020-05-11,230.0,158468400.0,-6.0,0,4.0,1
Ini Alasan Kenapa BUMN Perlu Disuntik hingga Rp 152 T,2020-05-12,224.0,64387600.0,10.0,1,10.0,1
"Asing Masih Obral Saham RI, Cek Mana yang Murah Hari Ini",2020-05-12,224.0,64387600.0,10.0,1,10.0,1
"Penyelamatan Ekonomi Jokowi, BUMN Ini Bakal Disuntik Rp 152 T",2020-05-12,224.0,64387600.0,10.0,1,10.0,1
"Dampak Corona, Garuda & Krakatau Steel Siap Disuntik Rp 12 T",2020-05-12,224.0,64387600.0,10.0,1,10.0,1
"Pulihkan Ekonomi, Daftar 12 BUMN Ini Siap Disuntik Rp 152 T",2020-05-13,234.0,99021100.0,0.0,0,-10.0,0
"Garuda Indonesia Dapat Bantuan dari Pemerintah Rp 8,5 T",2020-05-14,234.0,154846100.0,-10.0,0,-6.0,0
"Senin Depan, Garuda Nego Restrukturisasi Sukuk Rp 7,5 T",2020-05-14,234.0,154846100.0,-10.0,0,-6.0,0
"Realisasi Buyback Kecil, Hingga Lapkeu Q1 Mengecewakan",2020-05-15,224.0,67191400.0,4.0,1,4.0,1
"Duh, Utang Luar Negeri BUMN Bengkak Akibat Infeksi Corona!",2020-05-15,224.0,67191400.0,4.0,1,4.0,1
Garuda Indonesia Ajukan Perpanjangan Tenor Sukuk 3 Tahun,2020-05-19,222.0,36781800.0,0.0,0,4.0,1
AirAsia Siap Terbang Lagi 1 Juni 2020,2020-05-19,222.0,36781800.0,0.0,0,4.0,1
"Ada Kabar PHK Lagi, hingga AirAsia Terbang Lagi 1 Juni",2020-05-20,222.0,14357900.0,4.0,1,4.0,1
"Garuda Negosiasi Utang Rp 7,5 T, Setujukah Pemegang Sukuk?",2020-05-20,222.0,14357900.0,4.0,1,4.0,1
"Potong Gaji Karyawan, Garuda Hemat Rp 685 M/pekan",2020-05-26,226.0,27684500.0,8.0,1,8.0,1
Gambaran Dahsyatnya Corona Menghantam Industri Penerbangan,2020-05-29,238.0,62084800.0,12.0,1,12.0,1
"Garuda Minta Maaf, Ini Kronologi PMI Terlantar di Abu Dhabi",2020-05-31,250.0,102089600.0,0.0,0,0.0,0
"Mulai Hari Ini, Citilink & Lion Air Sudah Terbang Lagi",2020-06-01,250.0,102089600.0,0.0,0,-4.0,0
"Kabar Garuda PHK Pilot, Apa Kata Bos Garuda?",2020-06-02,250.0,102089600.0,-4.0,0,-10.0,0
"Efisiensi, Garuda Indonesia Rumahkan 800 Tenaga Kontrak",2020-06-02,250.0,102089600.0,-4.0,0,-10.0,0
"Garuda Rumahkan 800 Tenaga Kontrak, Berapa Pilot yang Kena?",2020-06-02,250.0,102089600.0,-4.0,0,-10.0,0
Catat! Pemerintah Tak Beri Bantuan Dana ke BUMN tapi Jaminan,2020-06-02,250.0,102089600.0,-4.0,0,-10.0,0
"Garuda Rumahkan 800 Tenaga Kontrak, BUMN: Ini Pilihan Sulit",2020-06-02,250.0,102089600.0,-4.0,0,-10.0,0
"Soal Angkutan Haji, Begini Penjelasan dari Garuda",2020-06-02,250.0,102089600.0,-4.0,0,-10.0,0
"Ini Deretan 12 BUMN yang Disuntik Sri Mulyani Rp 52,5 T",2020-06-03,246.0,60975800.0,-6.0,0,30.0,1
Kabar Baik! 89% Pemegang Sukuk Setuju Garuda Tunda Bayar,2020-06-03,246.0,60975800.0,-6.0,0,30.0,1
"Simak 7 Kabar Pasar, dari PHK OMNI Hospitals hingga Garuda",2020-06-03,246.0,60975800.0,-6.0,0,30.0,1
"Penerbangan Baru Pulih 2022, Sanggupkah Garuda Cs Bertahan?",2020-06-03,246.0,60975800.0,-6.0,0,30.0,1
Susi Pudjiastuti: Saya Harus Rumahkan & PHK Karyawan!,2020-06-04,240.0,31079500.0,36.0,1,50.0,1
"Rating WSKT & BNLI Dipangkas, Pengelola Mal Siap Buka Lagi",2020-06-04,240.0,31079500.0,36.0,1,50.0,1
Maskapai Harap Biaya Tes Corona Tak Lebih Mahal dari Tiket,2020-06-05,276.0,129864800.0,14.0,1,14.0,1
"Siap-siap, Garuda Buka Opsi Naikkan Harga Tiket",2020-06-05,276.0,129864800.0,14.0,1,14.0,1
"Dari PLN hingga Krakatau, 12 BUMN Siap Disuntik Sri Mulyani",2020-06-05,276.0,129864800.0,14.0,1,14.0,1
"Sudah Kepepet, Garuda Harap Talangan Pemerintah Segera Cair",2020-06-05,276.0,129864800.0,14.0,1,14.0,1
"Haji 2020 Ditiadakan, Bos Garuda: Ini Pukulan Keras Buat Kami",2020-06-05,276.0,129864800.0,14.0,1,14.0,1
Bos Garuda Buka-bukaan Soal Putus Kontrak 135 Pilot,2020-06-05,276.0,129864800.0,14.0,1,14.0,1
"Sempat Dipesan Garuda, Bombardier Kini PHK 2.500 Pekerja",2020-06-06,290.0,156030600.0,0.0,0,0.0,0
"Diguyur Banyak Sentimen Positif, IHSG Siap Menuju 5.000",2020-06-08,290.0,156030600.0,-6.0,0,-16.0,0
"Erick Rombak Direksi BUMN Karya, Mal Siap Buka 15 Juni",2020-06-08,290.0,156030600.0,-6.0,0,-16.0,0
"IHSG Bakal Tembus 5.100, Cek Saham-saham Pilihan Hari Ini",2020-06-08,290.0,156030600.0,-6.0,0,-16.0,0
"Tunggu Restu Jokowi, Ini BUMN 'Guram' yang Mau Ditutup Erick",2020-06-08,290.0,156030600.0,-6.0,0,-16.0,0
"Larangan Mudik Berakhir, Ini Aturan dan Syarat Naik Pesawat",2020-06-08,290.0,156030600.0,-6.0,0,-16.0,0
"Dapat Restu Jokowi, Erick Restrukturisasi Besar-besaran BUMN",2020-06-09,284.0,110021900.0,-10.0,0,0.0,0
"Erick Thohir Buka-bukaan Soal Dana Talangan BUMN Rp 19,65 T",2020-06-09,284.0,110021900.0,-10.0,0,0.0,0
"Bakal 'Dibersihkan' Erick, Begini Kinerja Iglas & Merpati",2020-06-09,284.0,110021900.0,-10.0,0,0.0,0
"Menhub Longgarkan Aturan, Garuda Tambah Kapasitas 70%",2020-06-09,284.0,110021900.0,-10.0,0,0.0,0
Ramai Soal Nilai Akuisisi Rabobank & Erick Mau Hapus BUMN,2020-06-10,274.0,69365800.0,10.0,1,4.0,1
"Disuntik Rp 52 T, BUMN Dianggap Selalu Jadi Parasit APBN",2020-06-10,274.0,69365800.0,10.0,1,4.0,1
Utang Garuda US$ 500 Juta Disetujui Direstrukturisasi,2020-06-10,274.0,69365800.0,10.0,1,4.0,1
"Restu RI 1 di Tangan, Erick Siap Hapus Iglas Hingga Merpati",2020-06-10,274.0,69365800.0,10.0,1,4.0,1
Simak Kabar Soal Utang Garuda Hingga Laba WIKA Drop 65%,2020-06-11,284.0,72332800.0,-6.0,0,-16.0,0
"2 Hari Saham BUMN Babak Belur, Seperti Apa Valuasinya?",2020-06-11,284.0,72332800.0,-6.0,0,-16.0,0
"Pesawat Rute Banjarmasin Tergelincir, Garuda: Bannya Kempes",2020-06-12,278.0,38560400.0,-10.0,0,-10.0,0
"Direstui Jokowi, Erick Kurangi Jumlah BUMN",2020-06-13,268.0,17366600.0,0.0,0,0.0,0
Ini Aturan & Syarat Naik Pesawat di Tengah Pandemi Covid-19,2020-06-13,268.0,17366600.0,0.0,0,0.0,0
Urgensi Stimulus BUMN dan Ikhtiar Global di Era Pandemi,2020-06-13,268.0,17366600.0,0.0,0,0.0,0
"Garuda Masih Setop Terbang ke Timteng & China, Batasi Eropa",2020-06-15,268.0,17366600.0,12.0,1,8.0,1
"Dapat Restu, Sukuk Garuda Rp 7,5 T Jatuh Tempo Jadi 2023",2020-06-16,280.0,34166800.0,-4.0,0,-4.0,0
"Astra Ganti Direksi Hari Ini, Kookmin Siap Tebus Saham BBKP",2020-06-16,280.0,34166800.0,-4.0,0,-4.0,0
"Kondisi Belum Normal, Garuda Pangkas Gaji 7.184 Karyawan",2020-06-16,280.0,34166800.0,-4.0,0,-4.0,0
"67 Emiten Siap Buyback Rp 19,6 T, Astra Tunjuk Presdir Baru",2020-06-17,276.0,22667800.0,0.0,0,-2.0,0
"Garuda akan Buka Penerbangan Langsung ke AS, Prancis & India",2020-06-19,274.0,16847400.0,0.0,0,0.0,0
"Penumpang Gak Nyaman, Garuda Siap Sesuaikan Jadwal Terbang",2020-06-19,274.0,16847400.0,0.0,0,0.0,0
SMGR Banting Tulang hingga Penyelamatan Jiwasraya,2020-06-22,274.0,15252700.0,-2.0,0,-2.0,0
"DPR Panggil Bos-bos BUMN, Bahas Dana PEN Rp143,63 Triliun",2020-06-22,274.0,15252700.0,-2.0,0,-2.0,0
"BUMN Dapat Rp 143,6 T, Setoran Dividen Tahun Depan akan Seret",2020-06-23,272.0,9093400.0,0.0,0,-6.0,0
"7 BUMN Tekor Ini Disentil Sri Mulyani, 2 Mulai Cetak Laba Nih",2020-06-23,272.0,9093400.0,0.0,0,-6.0,0
"Pengusaha: BUMN Mudah Dapat Triliunan, Swasta Survive Sendiri",2020-06-24,272.0,16771000.0,-6.0,0,-6.0,0
"Dinyatakan Bersalah soal Tarif, Garuda Ikut Putusan KPPU",2020-06-26,266.0,7502300.0,-14.0,0,-14.0,0
"Wall Street Hijau, IHSG Siap-siap Rebound Menuju 4.970",2020-06-30,246.0,48370800.0,-2.0,0,2.0,1
"Mau ke Jakarta, Garuda Terperosok di Bandara Hasanuddin",2020-07-01,244.0,18436200.0,4.0,1,0.0,0
"Gelombang PHK Hantui Maskapai RI, Ini Tanda-tandanya",2020-07-01,244.0,18436200.0,4.0,1,0.0,0
"Baru Saja Untung, Garuda Merugi Lagi di Q1-2020 karena Covid",2020-07-01,244.0,18436200.0,4.0,1,0.0,0
"Jababeka Rugi, Garuda Rugi, Laba KFC Ambles di Q1",2020-07-02,248.0,48141100.0,-4.0,0,2.0,1
"Semester I-2020, Semua Saham BUMN Merah & Ada yang Drop 52%",2020-07-02,248.0,48141100.0,-4.0,0,2.0,1
"Deretan Saham Ini Menguat, IHSG Sesi II Bakal Menghijau",2020-07-02,248.0,48141100.0,-4.0,0,2.0,1
"1 Penumpang Meninggal Dunia di Pesawat, Ini Penjelasan Garuda",2020-07-02,248.0,48141100.0,-4.0,0,2.0,1
"Selain Lion, Maskapai RI Ramai-ramai Pangkas Karyawan",2020-07-02,248.0,48141100.0,-4.0,0,2.0,1
"Soal Maskapai RI, Erick Thohir: Saya Tidak Anti Lion Air!",2020-07-03,244.0,36877300.0,6.0,1,6.0,1
"1 Penumpang di Garuda Meninggal Dunia, Ini Kronologinya",2020-07-03,244.0,36877300.0,6.0,1,6.0,1
Badai PHK Mulai Menghantam Industri Penerbangan RI,2020-07-03,244.0,36877300.0,6.0,1,6.0,1
"Erick Thohir Bicara Maskapai RI, Monopoli Hingga Tiket Mahal",2020-07-03,244.0,36877300.0,6.0,1,6.0,1
Bos Garuda Ramal Kinerja Q2 Makin Buruk,2020-07-06,250.0,13443500.0,-2.0,0,-2.0,0
Kemenhub Sebut Maskapai Minta Pembiayaan Rapid Test Penumpang,2020-07-07,248.0,13451200.0,0.0,0,18.0,1
Bos Garuda: Banyak Orang Menari di Atas Penderitaan Kami,2020-07-07,248.0,13451200.0,0.0,0,18.0,1
"Erick Thohir ke KPK, Konsultasi Dana PEN untuk BUMN Rp 143 T",2020-07-08,248.0,32663100.0,18.0,1,10.0,1
Jreeeng... Diam-diam Erick Thohir Sambangi KPK Demi Rp 143 T,2020-07-08,248.0,32663100.0,18.0,1,10.0,1
"Diam-diam ke KPK, Ini Daftar BUMN yang Dikawal Erick Thohir",2020-07-09,266.0,253142900.0,-8.0,0,-8.0,0
"Sesi I Mantap Menguat, Sesi II IHSG Masih Bertenaga",2020-07-09,266.0,253142900.0,-8.0,0,-8.0,0
"5 Saham Ini Meroket Saat IHSG Merah, KRAS & Garuda Terbang",2020-07-09,266.0,253142900.0,-8.0,0,-8.0,0
"Erick Thohir, KPK, dan Pengamanan Uang Rp 143 T",2020-07-10,258.0,50930900.0,0.0,0,0.0,0
"Tak Jelas, Kasus Brompton & Harley Eks Bos Garuda Apa Kabar?",2020-07-10,258.0,50930900.0,0.0,0,0.0,0
"Erick Thohir Diam-diam ke KPK, Demi Jaga Rp 143 T Dana BUMN",2020-07-11,258.0,30131900.0,0.0,0,0.0,0
DPR Panggil Bos BUMN Penerima Suntikan Modal Rp 143 T,2020-07-14,260.0,59224400.0,-2.0,0,4.0,1
"Garuda Minta Dana Talangan via Obligasi Konversi Rp 8,5 T",2020-07-14,260.0,59224400.0,-2.0,0,4.0,1
"Bantu Ekstradisi Maria Pauline Lumowa, Ini Cerita Bos Garuda",2020-07-14,260.0,59224400.0,-2.0,0,4.0,1
Bos Garuda: 400 Pegawai Ambil Tawaran Pensiun Dini,2020-07-14,260.0,59224400.0,-2.0,0,4.0,1
"Situasi Berat, Garuda Tunda Beli 4 Airbus & Cancel 49 Boeing",2020-07-14,260.0,59224400.0,-2.0,0,4.0,1
"12 Emiten Sinar Mas Jadi 'Rebutan', OJK Uji Tuntas Cathay",2020-07-15,258.0,25673600.0,6.0,1,2.0,1
"Kas Seret, Bos Garuda Sebut Utang Tembus Rp 18 T",2020-07-15,258.0,25673600.0,6.0,1,2.0,1
DPR Panggil Erick Thohir Bahas Dana Talangan Hingga PMN 2020,2020-07-15,258.0,25673600.0,6.0,1,2.0,1
"Garuda Hingga KRAS, 5 BUMN Ini Dapat Pinjaman Rp 19,6 T",2020-07-15,258.0,25673600.0,6.0,1,2.0,1
"Tok! DPR Restui Kucuran Dana Rp 151,1 T ke BUMN Ini",2020-07-15,258.0,25673600.0,6.0,1,2.0,1
"Sah! DPR Setujui Garuda & KRAS Terbitkan MCB Rp 11,5 T",2020-07-15,258.0,25673600.0,6.0,1,2.0,1
"Gegara Corona, Ini Daftar Maskapai yang Diselamatkan Negara",2020-07-15,258.0,25673600.0,6.0,1,2.0,1
Simak Kabar Aksi Korporasi dari Indofood hingga Garuda,2020-07-16,264.0,203813000.0,-4.0,0,-8.0,0
"Bakal Dapat Pinjaman Triliunan, Saham KRAS & Garuda Terbang",2020-07-16,264.0,203813000.0,-4.0,0,-8.0,0
"Garuda Dapat Restu Rilis MCB Rp 8,5 T, Buat Apa Dananya?",2020-07-16,264.0,203813000.0,-4.0,0,-8.0,0
Ini Kata Erick Thohir Soal MCB Garuda & KRAS Senilai Rp 11 T,2020-07-16,264.0,203813000.0,-4.0,0,-8.0,0
"Ini 7 Kabar Pasar: Garuda Siap Rilis MCB, Bentjok Dipolisikan",2020-07-17,260.0,27321800.0,-4.0,0,-4.0,0
"Potong Gaji Karyawan, Bos Garuda Kaget dengan BUMN Lain",2020-07-24,256.0,14183700.0,-2.0,0,-2.0,0
"Siap Bayar KIK-EBA, Begini Penjelasan Bos Garuda",2020-07-27,254.0,29708300.0,-2.0,0,-6.0,0
"Himbara Sudah Salurkan Rp 32 T, Laba BCA Capai Rp 12,2 T",2020-07-28,252.0,23142900.0,-4.0,0,-8.0,0
"Belum Bisa Terbang Tinggi, Garuda Rugi Lagi",2020-08-02,232.0,40436300.0,0.0,0,6.0,1
"Usai Merugi, Bos Garuda Beberkan Strategi Pulihkan Kinerja",2020-08-04,238.0,14965400.0,2.0,1,20.0,1
Siap-siap! Jokowi Segera Lebur BUMN Penerbangan & Pariwisata,2020-08-06,258.0,73434600.0,2.0,1,-6.0,0
"Otomotif, Semen & Transportasi Dihajar Covid, Begini Sahamnya",2020-08-06,258.0,73434600.0,2.0,1,-6.0,0
"'Perang' Lawan Resesi, Bos BTN Buka-bukaan Likuiditas Bank RI",2020-08-14,250.0,23779300.0,6.0,1,6.0,1
"Terancam Bangkrut, Ini Deretan Maskapai RI yang Lakukan PHK",2020-08-14,250.0,23779300.0,6.0,1,6.0,1
"Erick Mau Gabungkan BUMN Pariwisata, Ini Respons Garuda",2020-08-23,254.0,21297900.0,0.0,0,8.0,1
"Pandemi Bikin Kacau, Ini Strategi Garuda Demi Survive",2020-08-24,254.0,21297900.0,8.0,1,2.0,1
"Garuda Bakal Hapus Penerbangan Transit, Ada Apa?",2020-09-01,254.0,14779400.0,0.0,0,0.0,0
Simak! Ini 10 Kabar yang Pengaruh ke Keputusan Investasi Anda,2020-09-02,254.0,9437700.0,0.0,0,-2.0,0
Garuda & Citilink Sudah Buka Penerbangan ke China,2020-09-02,254.0,9437700.0,0.0,0,-2.0,0
Apakah Ini Dua Calon Kuat yang Bakal Jadi Dirut Bank Mandiri?,2020-09-10,234.0,36873400.0,-2.0,0,6.0,1
"Garuda Tunggu Pinjaman Rp 8,5 T Cair, Kenapa Lama?",2020-09-16,236.0,5332600.0,0.0,0,0.0,0
"Dikebut, Holding Garuda-Angkasa Pura Bakal Rampung Q2-2022",2020-09-16,236.0,5332600.0,0.0,0,0.0,0
Benarkah Merpati Tak Akan Pernah Terbang Lagi?,2020-09-30,214.0,3602900.0,6.0,1,8.0,1
Skandal Brompton-Harley Sudah Sampai Mana? Ini Updatenya,2020-10-03,222.0,3719400.0,0.0,0,0.0,0
"Sewa Pesawat Mahal, Garuda Negosiasi dengan 31 Lessor",2020-10-05,222.0,3719400.0,6.0,1,6.0,1
Bos Garuda: Industri Penerbangan Baru Pulih 2024,2020-10-06,228.0,14208400.0,0.0,0,2.0,1
"QNB Gugat Bosowa, Rights Issue Jumbo Grup Bakrie",2020-10-07,228.0,5337900.0,2.0,1,8.0,1
"Garuda Indonesia Dapat Kredit Rp 1 T dari LPEI, Buat Apa?",2020-10-09,236.0,14167900.0,-6.0,0,-6.0,0
"Diguyur Rp1 T dari LPEI, Garuda Indonesia Ekspansi Rute Kargo",2020-10-09,236.0,14167900.0,-6.0,0,-6.0,0
"Mau Diskon Tiket 45% Garuda Indonesia, Begini Caranya!",2020-10-09,236.0,14167900.0,-6.0,0,-6.0,0
Mau Trading di Awal Pekan? Cek Dulu Gengs 8 Kabar Pasar Ini,2020-10-12,230.0,20771400.0,4.0,1,10.0,1
"Suntikan Rp 11,5 T Siap Cair, Garuda & KRAS Gelar RUPSLB",2020-10-14,240.0,39316200.0,6.0,1,4.0,1
"Buat Bertahan Hidup, Garuda Butuh Suntikan Modal Rp 8,5 T",2020-10-14,240.0,39316200.0,6.0,1,4.0,1
"Mega Merger Chandra Asri, China-Korea Bikin Pabrik Baterai RI",2020-10-15,246.0,232896700.0,-2.0,0,-2.0,0
"Saham Garuda & KRAS Melesat, Masih Menarik untuk Diserok?",2020-10-15,246.0,232896700.0,-2.0,0,-2.0,0
"Garuda Rilis OWK Rp 8,5 T, Siap-siap Saham Publik Terdilusi",2020-10-15,246.0,232896700.0,-2.0,0,-2.0,0
"Rilis OWK Rp 11,5 T, Begini Skema Dilusi Saham Garuda & KRAS",2020-10-16,244.0,20977000.0,0.0,0,0.0,0
Terungkap! BUMN Ini yang Paling Sengsara Kena Efek Covid-19,2020-10-20,240.0,14236600.0,2.0,1,2.0,1
Cerita Wamen BUMN 'Bersih-bersih' Garuda Saat Covid-19,2020-10-20,240.0,14236600.0,2.0,1,2.0,1
"Bertahan Hidup, Anak Usaha Garuda Masuk Bisnis Gas Turbin",2020-10-22,242.0,5841300.0,2.0,1,0.0,0
"700 Karyawan Putus Kontrak, Ini Penjelasan Bos Garuda",2020-10-27,240.0,12465600.0,-2.0,0,-2.0,0
Bos Garuda Buka-bukaaan Soal Bisnis Kargo yang Membeludak,2020-10-27,240.0,12465600.0,-2.0,0,-2.0,0
Siap-siap! Erick Bakal Rombak Lagi Manajemen Garuda,2020-10-30,238.0,17434500.0,0.0,0,0.0,0
Bos Garuda: Holding BUMN Aviasi-Pariwisata Kelar Akhir 2020,2020-11-04,238.0,19000400.0,4.0,1,4.0,1
"Pandemi Covid-19, Bikin Garuda Rugi Lagi Rp 15 T di Q3-2020",2020-11-06,242.0,19757700.0,16.0,1,16.0,1
"Sarat Korupsi, Erick Mau Revisi Kontrak Garuda-Bombardier",2020-11-06,242.0,19757700.0,16.0,1,16.0,1
Bos Garuda Angkat Bicara Soal Suap Pembelian Bombardier,2020-11-06,242.0,19757700.0,16.0,1,16.0,1
Begini Kronologi Dugaan Korupsi Beli Bombardier Oleh Garuda,2020-11-06,242.0,19757700.0,16.0,1,16.0,1
"Biar Tetap Terbang, Garuda Layani Kargo Denpasar-Hong Kong",2020-11-07,258.0,173528300.0,0.0,0,0.0,0
"Yusuf Mansur Lepas Saham BRIS, Masya Allah Berapa Cuannya?",2020-11-08,258.0,173528300.0,0.0,0,42.0,1
"Berkah Saham BRIS, Next Yusuf Mansur Siap Borong Saham Apa?",2020-11-09,258.0,173528300.0,42.0,1,30.0,1
Simak 7 Kabar untuk Panduan Kejar Cuan Awal Pekan Ini,2020-11-09,258.0,173528300.0,42.0,1,30.0,1
"Saham Garuda Terbang 5% Lebih, Mau di Take Over Yusuf Mansur?",2020-11-09,258.0,173528300.0,42.0,1,30.0,1
"Diselidiki KPK-nya Inggris, Begini Penjelasan Emirsyah Satar",2020-11-09,258.0,173528300.0,42.0,1,30.0,1
"Gokil! Efek Vaksin Pfizer, Saham KAEF sampai Kalbe Pesta Pora",2020-11-10,300.0,595315400.0,-12.0,0,18.0,1
"Perhatian! Tol Bandara Soetta Macet, Penerbangan Delay 4 Jam",2020-11-10,300.0,595315400.0,-12.0,0,18.0,1
"Status Meikarta PKPU, Babak Baru Raibnya Dana Nasabah Maybank",2020-11-10,300.0,595315400.0,-12.0,0,18.0,1
"Tol Bandara Macet, Refund & Reschedule Tiket Garuda Gratis",2020-11-10,300.0,595315400.0,-12.0,0,18.0,1
"10 Saham BUMN Ini Ngamuk, Efek Mansurmologi atau Erickmologi?",2020-11-10,300.0,595315400.0,-12.0,0,18.0,1
"Heboh Skandal Pesawat Bombardier, Begini Penjelasan Garuda",2020-11-11,288.0,284948800.0,30.0,1,40.0,1
"Ngamuk! Saham Garuda & GMF Aero Kompak Meroket 15%, Ada Apa?",2020-11-12,318.0,1096503100.0,10.0,1,4.0,1
"Saham Garuda Terbang, Yusuf Mansur: Masya Allah Seneng Banget",2020-11-12,318.0,1096503100.0,10.0,1,4.0,1
"Simak 7 Kabar Pasar, Ada Kasus Jouska yang Ramai Lagi",2020-11-13,328.0,306551000.0,-6.0,0,-6.0,0
"Holding Pariwisata Bikin Garuda Terbang, Masuk Top Gainers",2020-11-14,322.0,104178000.0,0.0,0,0.0,0
Tambahan Modal untuk GIAA & KRAS Diputuskan Pekan Depan,2020-11-16,322.0,104178000.0,8.0,1,70.0,1
Saham Jalan Tol Ngamuk! Efek Yusuf Mansur atau Joglosemar?,2020-11-16,322.0,104178000.0,8.0,1,70.0,1
"Usai BRI Syariah & Garuda, Yusuf Mansur Bidik Saham-saham Ini",2020-11-16,322.0,104178000.0,8.0,1,70.0,1
"10 Saham Ini ""Kesetanan"" Pekan Lalu, Ada 5 BUMN Gengs!",2020-11-16,322.0,104178000.0,8.0,1,70.0,1
Deretan Saham Pilihan di Awal Pekan: TINS hingga TLKM,2020-11-16,322.0,104178000.0,8.0,1,70.0,1
"10 Saham Paling Rame Ditransaksikan, BUMN Sapu Bersih!",2020-11-19,390.0,348998900.0,4.0,1,6.0,1
"Bukan ANTM & INCO, Ternyata Ini Saham Paling Cuan Kemarin!",2020-11-19,390.0,348998900.0,4.0,1,6.0,1
Pak Erick Gak Ngadi-ngadi! Saham BUMN Memang Sedang Hot,2020-11-19,390.0,348998900.0,4.0,1,6.0,1
"Ajak Anak Muda Melek Saham, Ini 3 Sektor Pilihan Yusuf Mansur",2020-11-19,390.0,348998900.0,4.0,1,6.0,1
"Dapat Suntikan Rp 8,5 T, Bos Garuda Lega Bisa Cepat Recovery",2020-11-20,394.0,480473600.0,2.0,1,2.0,1
"Gokil! Garuda Kasih Tiket Mulai Rp 500 Ribuan, Ada 20 Rute",2020-11-20,394.0,480473600.0,2.0,1,2.0,1
"Diangkat Jadi Dirkeu Garuda, Ini Sederet Tugas Prasetio",2020-11-20,394.0,480473600.0,2.0,1,2.0,1
"Sah! Erick Rombak Direksi Garuda, Dirkeu Fuad Rizal Dicopot",2020-11-20,394.0,480473600.0,2.0,1,2.0,1
"Jadi Dirkeu Baru Garuda, Siapa Sebenarnya Prasetio?",2020-11-20,394.0,480473600.0,2.0,1,2.0,1
"Tok! Garuda Kantongi Restu Penerbitan MCB Rp 8,5 T",2020-11-20,394.0,480473600.0,2.0,1,2.0,1
"Di AS Bisa Mengudara, Kapan 737-Max Garuda Terbang Lagi?",2020-11-20,394.0,480473600.0,2.0,1,2.0,1
"Erick Rombak Pengurus Garuda Siang Ini, Saham GIAA Mulai Liar",2020-11-20,394.0,480473600.0,2.0,1,2.0,1
"Kala Yusuf Mansur Main Saham BRIS & Garuda, Bidik Mana Lagi?",2020-11-21,396.0,141866900.0,0.0,0,0.0,0
"Omzet Ambles 23%, Begini Upaya UMKM Biar Selamat dari Corona",2020-11-22,396.0,141866900.0,0.0,0,0.0,0
Happy Monday! Pantau Dulu 8 Kabar Pasar 'Hot' Ini,2020-11-23,396.0,141866900.0,0.0,0,-12.0,0
Intip Saham Pencetak Cuan di Musim Window Dressing,2020-12-02,416.0,417141900.0,20.0,1,20.0,1
"Berbagi Cuan, Netizen Beri Sedekah untuk Yayasan Yusuf Mansur",2020-12-03,436.0,555432400.0,0.0,0,12.0,1
"Disuntik Modal dari Negara, Saham KRAS & GIAA Lari Kencang",2020-12-03,436.0,555432400.0,0.0,0,12.0,1
Mau Tahu Saham Jawara & Pecundang Sepekan? Ini Daftarnya,2020-12-05,448.0,196662700.0,0.0,0,0.0,0
"Pernyataan Lengkap Jokowi Sambut 1,2 Juta Vaksin Sinovac",2020-12-06,448.0,196662700.0,0.0,0,-2.0,0
"Jokowi: 1,2 Juta Vaksin Sinovac Sudah Tiba di Indonesia",2020-12-06,448.0,196662700.0,0.0,0,-2.0,0
Harapan Baru! Vaksin Covid-19 Tiba di Indonesia Malam Ini,2020-12-06,448.0,196662700.0,0.0,0,-2.0,0
"Vaksin Sinovac Datang, Pengusaha Pede 2021 Ekonomi Bangkit!",2020-12-07,448.0,196662700.0,-2.0,0,2.0,1
"Vaksin Sinovac Tiba di RI, Harga SBN Melemah Usai Rilis Cadev",2020-12-07,448.0,196662700.0,-2.0,0,2.0,1
Barokah Vaksin Corona!  Bikin IHSG Terbang 2% Lebih,2020-12-07,448.0,196662700.0,-2.0,0,2.0,1
"Maaf! 1,2 Juta Vaksin Corona Sinovac Tak Buat Peserta Mandiri",2020-12-07,448.0,196662700.0,-2.0,0,2.0,1
"IHSG Tembus 5.900, Siap-siap Bakal ke Level 6.000 Nih?",2020-12-07,448.0,196662700.0,-2.0,0,2.0,1
"IHSG Melesat 1,7% di Sesi 1 Sambut Kedatangan Vaksin Sinovac",2020-12-07,448.0,196662700.0,-2.0,0,2.0,1
"Good News dari Pak Jokowi, Welcome 1,2 Juta Vaksin Sinovac",2020-12-07,448.0,196662700.0,-2.0,0,2.0,1
Vaksin Sinovac Bikin IHSG 'Pesta Pora' & Asing Borong Saham,2020-12-07,448.0,196662700.0,-2.0,0,2.0,1
"Saham Farmasi Bergerak Liar, Respons Kedatangan Vaksin Covid",2020-12-07,448.0,196662700.0,-2.0,0,2.0,1
"Belum 5 Menit, Asing Borong Saham di Bursa RI Rp 100 M Lebih",2020-12-07,448.0,196662700.0,-2.0,0,2.0,1
"Vaksin Jadi Booster IHSG, Investor Kalap & 'Panic Buying'",2020-12-07,448.0,196662700.0,-2.0,0,2.0,1
"Vaksin Covid Tiba di Tanah Air, Langsung Angkat IHSG 1% Lebih",2020-12-07,448.0,196662700.0,-2.0,0,2.0,1
Cerita Jatuh Bangun Menlu Retno Bawa Vaksin China ke RI,2020-12-07,448.0,196662700.0,-2.0,0,2.0,1
"Awas Habis Tenaga, Sesi II IHSG Bisa Longsor",2020-12-08,446.0,193176700.0,4.0,1,4.0,1
"Asing Kabur Rp 540 M, Ambil Untung Setelah Isu Vaksin Lenyap",2020-12-08,446.0,193176700.0,4.0,1,4.0,1
"Efek Vaksin Cuma Sehari, IHSG Cuma Naik 0,15% & Asing Kabur",2020-12-08,446.0,193176700.0,4.0,1,4.0,1
"Yuk Simak, Banyak Perusahaan yang Gelar Aksi Korporasi Nih!",2020-12-08,446.0,193176700.0,4.0,1,4.0,1
"Bak 'Tahu Bulat Digoreng Dadakan', 14 Saham Kena Auto Reject",2020-12-08,446.0,193176700.0,4.0,1,4.0,1
"IHSG Terbang 2%, 5 Saham Ini Diborong Asing!",2020-12-08,446.0,193176700.0,4.0,1,4.0,1
Yusuf Mansur Bantah Pom-pom Saham Sampai Kena ARA,2020-12-10,450.0,101260600.0,4.0,1,-4.0,0
Kabar Baik! Kredit BTN di November Mulai Menggeliat 1%,2020-12-10,450.0,101260600.0,4.0,1,-4.0,0
"Disuntik 1,2 Juta Vaksin Corona, Bak Superman IHSG Terbang 2%",2020-12-12,446.0,111101500.0,0.0,0,0.0,0
Kabar Baik! Jurus Sri Mulyani Bikin Properti Bakal Cuan 2021,2020-12-14,446.0,111101500.0,-6.0,0,0.0,0
"Target Rp 8,5 T, Garuda Siap Rilis Obligasi Konversi Bertahap",2020-12-15,440.0,241763900.0,6.0,1,0.0,0
"Garuda Nego Ulang 67 Pesawat Boeing-Airbus, Order Batal nih?",2020-12-15,440.0,241763900.0,6.0,1,0.0,0
"Pekan Depan, Dana Suntikan Garuda via MCB Rp 8,5 T Siap Cair!",2020-12-15,440.0,241763900.0,6.0,1,0.0,0
Bos Garuda Buka-bukaan soal Distribusi Vaksin Covid-19 RI,2020-12-17,440.0,102409400.0,14.0,1,22.0,1
Garuda Perpanjang Jatuh Tempo Utang Mandiri Jadi Maret 2021,2020-12-18,454.0,522562300.0,8.0,1,8.0,1
"Gojek Caplok 22% Saham Bank Jago, Tokopedia Siap IPO Rp 14 T",2020-12-21,462.0,270881100.0,-18.0,0,-28.0,0
"Arab Setop Semua Penerbangan, Garuda Batal ke Jeddah",2020-12-21,462.0,270881100.0,-18.0,0,-28.0,0
"Garuda Batal Terbang ke Jeddah, Nasib Penumpang Gimana?",2020-12-21,462.0,270881100.0,-18.0,0,-28.0,0
"Pahala Jadi Wamen BUMN, Dihubungi Langsung oleh Erick Thohir",2020-12-23,434.0,140534800.0,-2.0,0,-2.0,0
"Dapat Wejangan Jokowi, Pahala Siap Geber Transformasi BUMN",2020-12-23,434.0,140534800.0,-2.0,0,-2.0,0
"Gantikan BGS Jadi Wamen BUMN, Ini Rekam Jejak Pahala Mansury",2020-12-23,434.0,140534800.0,-2.0,0,-2.0,0
"'Suntikan' Obligasi Konversi Rp 11,5 T KRAS-Garuda Siap Cair",2020-12-28,432.0,68639600.0,0.0,0,-30.0,0
Cair! Garuda Dapat 'Suntikan' OWK Rp 1 T dari Sri Mulyani,2020-12-28,432.0,68639600.0,0.0,0,-30.0,0
"Dapat Dana Rp 1 T Dari Sri Mulyani, Garuda Mau Ngapain?",2020-12-28,432.0,68639600.0,0.0,0,-30.0,0
Penonton Kecewa! Holding BUMN Pariwisata Tertunda Sampai 2021,2020-12-28,432.0,68639600.0,0.0,0,-30.0,0
"Sst... Asing Kabur di 10 Saham Ini Kemarin, Hari Ini Piye?",2020-12-29,432.0,288142300.0,-30.0,0,-28.0,0
"Merger ISAT-Tri Tinggal Kedip, Garuda 'Disuntik' Sri Mulyani",2020-12-29,432.0,288142300.0,-30.0,0,-28.0,0
"Sah! Wika Realty Jadi Holding Hotel BUMN, Kelola 22 Hotel",2020-12-29,432.0,288142300.0,-30.0,0,-28.0,0
Bingung Pilih Saham Apa di Hari Terakhir? Ini Rekomendasinya,2020-12-30,402.0,153624700.0,2.0,1,2.0,1
"Waskita Jual 11 Ruas Tol, Crazy Rich RI Ini Masuk Bisnis Emas",2020-12-30,402.0,153624700.0,2.0,1,2.0,1
"Dear Investor, Ini Rentetan Mega Aksi Korporasi Emiten, Simak",2021-01-04,404.0,76287400.0,6.0,1,-4.0,0
Saat Lo Kheng Hong Terusik Rekomendasi Saham Influencer,2021-01-05,410.0,107440300.0,-10.0,0,-12.0,0
"Garuda Restrukturisasi Utang ke AP & Pertamina, Berapa ya?",2021-01-06,400.0,83255400.0,-2.0,0,16.0,1
Negara Sudah Gelontorkan Rp 75 T ke Para BUMN di 2020,2021-01-08,416.0,311245400.0,-2.0,0,-2.0,0
"Harley & Brompton Eks Bos Garuda Belum Dilelang, Ada Apa Ya?",2021-01-08,416.0,311245400.0,-2.0,0,-2.0,0
Deretan Saham 'Pelat Merah' yang Bikin Bangga Wamen BUMN,2021-01-14,418.0,308575800.0,-4.0,0,-16.0,0
Ciee...Yusuf Mansur Ikut Lo Kheng Hong Borong Saham Grup MNC,2021-01-20,388.0,77591800.0,-4.0,0,-18.0,0
"'Dibeking' Yusuf Mansur & LKH, Saham Grup MNC Terbang!",2021-01-20,388.0,77591800.0,-4.0,0,-18.0,0
"Saham Mau Ijo-Merah, Ini Prinsip Penganut Aliran Mansurmology",2021-01-26,326.0,78003700.0,-6.0,0,-28.0,0
"Ssst.. Yang Mau Liburan ke Bali, Maskapai Ini Beri Diskon 60%",2021-01-28,298.0,60206700.0,-8.0,0,14.0,1
"Ada Kabar Oke dari Wamen BUMN, Saham ANTM-TINS-INCO kok Drop?",2021-02-03,326.0,37143600.0,-6.0,0,-4.0,0
Onde Mande! Garuda Angkut 33 Ton Manggis dari Padang ke China,2021-02-05,322.0,15090500.0,14.0,1,14.0,1
"Walah 66 Emiten Kena 'Tato' Bursa, Grup Bakrie hingga AirAsia",2021-02-08,336.0,33649600.0,6.0,1,6.0,1
"Baca Dulu 9 Informasi Ini, Penting untuk Pertimbangan Trading",2021-02-09,342.0,101715100.0,0.0,0,-4.0,0
Cair! Sri Mulyani Transfer Dana PEN buat Garuda Rp 1 T,2021-02-09,342.0,101715100.0,0.0,0,-4.0,0
Ini Alasan Lengkap Garuda Kembalikan 12 Pesawat Bombardier,2021-02-10,342.0,28822100.0,-4.0,0,2.0,1
Wah! Erick Bongkar Garuda Sewa Bombardier yang Tak Efisien,2021-02-10,342.0,28822100.0,-4.0,0,2.0,1
Suap! Alasan Erick Kembalikan 12 Pesawat Bombardier Garuda,2021-02-10,342.0,28822100.0,-4.0,0,2.0,1
Bos Garuda Sebut Rugi Rp 419 M Tiap Tahun Gunakan Bombardier,2021-02-10,342.0,28822100.0,-4.0,0,2.0,1
Cerita Lengkap Soal Aroma Suap Pesawat Bombardier Garuda,2021-02-10,342.0,28822100.0,-4.0,0,2.0,1
"Usai Kembalikan 12 Pesawat Bombardier, Ini Rencana Garuda",2021-02-11,338.0,32411500.0,6.0,1,6.0,1
"Garuda Bakal Kembalikan 12 Bombardier, Begini Kata NAC",2021-02-11,338.0,32411500.0,6.0,1,6.0,1
Duduk Perkara Erick Kirim Balik 12 Bombardier CRJ 1000 Garuda,2021-02-11,338.0,32411500.0,6.0,1,6.0,1
"Suap & Rugi Ratusan Miliar, Garuda Kembalikan 12 Bombardier",2021-02-11,338.0,32411500.0,6.0,1,6.0,1
"Bos Garuda Sebut Bombardier Tak Cocok Dipakai di RI, Kenapa?",2021-02-11,338.0,32411500.0,6.0,1,6.0,1
"Cerita Lengkap Garuda & Bombardier, Hingga Tanggapan NAC",2021-02-12,344.0,23915600.0,0.0,0,0.0,0
Menakjubkan! Garuda Sewa Bombardier di Atas Harga Sewa Pasar,2021-02-12,344.0,23915600.0,0.0,0,0.0,0
Resmi Dilantik! Ini Dia 5 Direksi SWF Jokowi,2021-02-16,340.0,14364800.0,-8.0,0,-14.0,0
"Ridha Jadi CEO, Ini Profil Lengkap 5 Direksi SWF Jokowi",2021-02-16,340.0,14364800.0,-8.0,0,-14.0,0
"Umumkan Nama Direksi, Jokowi 'Pede' INA Jadi SWF Kelas Dunia!",2021-02-16,340.0,14364800.0,-8.0,0,-14.0,0
"SWF Jokowi Full Team, Saham Emiten Konstruksi Ngamuk!",2021-02-16,340.0,14364800.0,-8.0,0,-14.0,0
Bukti Konkret SWF INA Jokowi Laris Manis Tanjung Kimpul!,2021-02-16,340.0,14364800.0,-8.0,0,-14.0,0
Mantap! Jokowi Bakal Perkenalkan Jajaran Dewan Direksi SWF,2021-02-16,340.0,14364800.0,-8.0,0,-14.0,0
Saat Jokowi Bilang RI Terlambat Punya SWF,2021-02-17,332.0,34191400.0,-6.0,0,-8.0,0
"Heboh Maskapai Dunia Kandangkan Boeing 777, Garuda Bagaimana?",2021-02-23,328.0,8420300.0,16.0,1,50.0,1
"Akhir Pekan, Jangan Ketinggalan Cek Saham Potensi Cuan Ini!",2021-02-26,360.0,91837200.0,14.0,1,14.0,1
Awas Jangan Korupsi! 27 BUMN Ini Sudah Diawasi KPK,2021-03-02,366.0,43527500.0,-12.0,0,-24.0,0
"Digadang-gadang Jadi Bos BTN, Simak Profil 4 Orang Bankir Ini",2021-03-10,348.0,15803900.0,-2.0,0,-2.0,0
"Apa Kabar Saham-saham Mansurmology, Sudah Cuan Berapa ya?",2021-03-18,372.0,40654400.0,-4.0,0,-2.0,0
"FTSE Kocok Ulang Penghuni Indeks, Bagaimana Nasib Saham RI?",2021-03-23,364.0,14985000.0,-16.0,0,-16.0,0
"Harta Crazy Rich RI Berlimpah Ruah, Ternyata ini Rahasianya",2021-04-08,346.0,16651800.0,-6.0,0,-14.0,0
"32 Emiten Ekuitas Negatif 'Ditato' BEI, AirAsia-Bakrie Masuk!",2021-04-12,332.0,16228500.0,0.0,0,0.0,0
"Cek 9 Informasi Penting Ini, Panduan Buat Transaksi Hari Ini",2021-04-13,332.0,11800800.0,0.0,0,-2.0,0
"Waspada! 59 Emiten Ini Dapet 'Tato' Bursa, Saham Kamu Bukan?",2021-04-13,332.0,11800800.0,0.0,0,-2.0,0
"Kalau Ngomongin Utang, Ternyata BUMN Rajanya",2021-04-16,332.0,8314900.0,0.0,0,0.0,0
"Tak Ada Mudik 2021, Garuda Genjot Angkutan Kargo",2021-04-16,332.0,8314900.0,0.0,0,0.0,0
"Penerbangan Haji Dibuka, Begini Persiapan Garuda",2021-04-16,332.0,8314900.0,0.0,0,0.0,0
"BCA Sekuritas Mau Masuk FREN, Jerry Ng Buka Suara soal BFIN",2021-04-19,332.0,6120700.0,-2.0,0,-4.0,0
"GIAA Sepakat Damai dengan 'KPPU' Australia, Ini Perkaranya",2021-04-19,332.0,6120700.0,-2.0,0,-4.0,0
Rame Nih! BKSL Jual Mal AEON Hingga Grab Resmi Borong EMTK,2021-04-20,330.0,4192700.0,-2.0,0,-2.0,0
"Damai dengan 'KPPU' Australia, Garuda Bayar Denda Rp 215 M",2021-04-21,328.0,4586900.0,0.0,0,-4.0,0
"Tak Ada Kabar & Kesulitan Keuangan, Bagaimana Nasib Merpati?",2021-04-30,324.0,6925900.0,0.0,0,0.0,0
Mau Terbang Pakai Garuda 6-17 Mei? Simak Dulu Syaratnya,2021-05-03,324.0,4698100.0,0.0,0,2.0,1
"Lion Bantah, Super Air Jet Seberapa Super Maskapai Baru Ini?",2021-05-04,324.0,3049800.0,2.0,1,0.0,0
Chairul Tanjung Borong Lagi Saham Garuda Rp 317 M,2021-05-11,324.0,7472400.0,-4.0,0,-4.0,0
Garuda Indonesia Tawarkan Pensiun Dini Buat Karyawan,2021-05-21,316.0,9055700.0,-22.0,0,-22.0,0
"Rumahkan Karyawan, Sriwijaya Air Tawarkan Resign Sukarela?",2021-05-24,294.0,30568700.0,-20.0,0,-14.0,0
"Soal Pensiun Dini Karyawan, Bos Garuda Buka-bukaan Alasannya",2021-05-24,294.0,30568700.0,-20.0,0,-14.0,0
Cek 9 Kabar Emiten: Pensiun Dini Garuda-Klub Bola IPO di BEI,2021-05-24,294.0,30568700.0,-20.0,0,-14.0,0
"Maskapai 'Amputasi' Karyawan, Perusahaan Kecil Bergelimpangan",2021-05-25,274.0,37916100.0,6.0,1,6.0,1
"Simak 9 Informasi Penting Ini, Sebelum Berburu Cuan",2021-05-25,274.0,37916100.0,6.0,1,6.0,1
"Saham Emiten Pengembang Lido Jawara, Giliran Duo Baja Merana",2021-05-25,274.0,37916100.0,6.0,1,6.0,1
Masih Ada Asa! Begini Strategi Bertahan Garuda Indonesia,2021-05-28,272.0,20485400.0,-8.0,0,-8.0,0
"Terkuak! Fakta-fakta Sosok Abdee Slank, Komisaris Baru Telkom",2021-05-30,264.0,17934000.0,0.0,0,4.0,1
Blak-blakan Dirut Garuda Soal Wacana Pensiun Dini Karyawan,2021-05-30,264.0,17934000.0,0.0,0,4.0,1
Jagad Twitter Ramai! Putri Gus Dur Upayakan Garuda Tak Pailit,2021-05-31,264.0,17934000.0,4.0,1,4.0,1
"Bantu Garuda, Komisaris Ini Ajukan Setop Pembayaran Gajinya",2021-06-02,268.0,20884600.0,6.0,1,-12.0,0
Bos Garuda: Gaji Direksi-Komisaris di Mei Dibayar Juni Ini,2021-06-02,268.0,20884600.0,6.0,1,-12.0,0
Erick Thohir Bakal Pangkas Jumlah Komisaris Garuda,2021-06-02,268.0,20884600.0,6.0,1,-12.0,0
"Erick Mau 'Sunat' Beban Garuda, Komut Garuda: Kami Siap!",2021-06-02,268.0,20884600.0,6.0,1,-12.0,0
Yenny Wahid Buka-bukaan Kondisi Garuda: Harus Diselamatkan!,2021-06-02,268.0,20884600.0,6.0,1,-12.0,0
"Temui Bos Garuda, Ini Saran Rahmat Gobel cs Selamatkan Garuda",2021-06-02,268.0,20884600.0,6.0,1,-12.0,0
"Direktur Garuda Ungkap 4 Jurus Penyelamatan GIAA, Apa Saja?",2021-06-02,268.0,20884600.0,6.0,1,-12.0,0
"Punya Utang Rp 70 T, Bos Garuda: Kami Fokus Pemulihan Kinerja",2021-06-03,274.0,38683100.0,-18.0,0,-34.0,0
"Wamen BUMN Tiko: Utang Gede, Tiap Bulan Garuda Rugi Rp 1,4 T",2021-06-03,274.0,38683100.0,-18.0,0,-34.0,0
Ini Cerita Utang Garuda Bengkak dari Rp 20 T Jadi Rp 70 T,2021-06-03,274.0,38683100.0,-18.0,0,-34.0,0
"Tunjuk Konsultan, Garuda Siap Restrukturisasi Utang Rp 70 T",2021-06-03,274.0,38683100.0,-18.0,0,-34.0,0
Wamen BUMN: Target Restrukturisasi Utang Garuda Jadi Rp 21 T,2021-06-04,256.0,85638600.0,-16.0,0,-16.0,0
"Selundup Harley, Eks Bos Garuda Dituntut Penjara 1 Tahun",2021-06-04,256.0,85638600.0,-16.0,0,-16.0,0
"Mobilitas Masih Terbatas, Begini Dampaknya ke Kinerja Garuda",2021-06-04,256.0,85638600.0,-16.0,0,-16.0,0
"Dua Jempol buat INPC-SRTG, Giliran Saham ANTM-MDKA Ambruk!",2021-06-04,256.0,85638600.0,-16.0,0,-16.0,0
"Tunda Bayar Kupon Rp 7,25 T, Garuda Pakai Opsi Grace Period",2021-06-04,256.0,85638600.0,-16.0,0,-16.0,0
Kisah Utang Garuda Bengkak dari Rp 20 T Menjadi Rp 70 T,2021-06-05,240.0,45361800.0,0.0,0,0.0,0
"Cermati 8 Kabar Pasar 'Hot' Ini, Ada Garuda hingga PKPU ACES",2021-06-07,240.0,45361800.0,-14.0,0,0.0,0
"Duo Saham MNC & Lippo Liar, Saham 'Partner' Raffi Jeblok",2021-06-07,240.0,45361800.0,-14.0,0,0.0,0
"Sedang Sulit, Garuda Pulangkan Dua Boeing 737-800 ke Lessor",2021-06-07,240.0,45361800.0,-14.0,0,0.0,0
Dahlan Iskan Bandingkan Garuda-Thai Airways yang Megap-Megap!,2021-06-07,240.0,45361800.0,-14.0,0,0.0,0
"Cari Cuan? Cek Dulu 7 Kabar Pasar Ini, Garuda hingga BIRD",2021-06-08,226.0,56905500.0,14.0,1,16.0,1
"Lagi Berhemat, Ini Daftar Penundaan Gaji Karyawan Garuda",2021-06-09,240.0,47248500.0,2.0,1,4.0,1
Ini Strategi Garuda Bayar Utang Gaji Karyawan Rp 333 M,2021-06-09,240.0,47248500.0,2.0,1,4.0,1
Garuda Buka Suara soal Pensiun Dini & Rencana Restrukturisasi,2021-06-09,240.0,47248500.0,2.0,1,4.0,1
"Manajemen Fokus Efisiensi, Saham GIAA Terbang Diborong Asing!",2021-06-09,240.0,47248500.0,2.0,1,4.0,1
Kerja Keras! Erick Thohir Bentuk Tim Khusus Selamatkan Garuda,2021-06-10,242.0,31302900.0,2.0,1,-10.0,0
"Garuda Terima Rp 1 T dari Sri Mulyani, Cuma Cukup untuk Avtur",2021-06-11,244.0,9893600.0,-12.0,0,-12.0,0
Ada Penawaran Khusus dari Garuda Buat Karyawan SKK Migas,2021-06-17,222.0,20291700.0,0.0,0,0.0,0
"Perbaiki Kinerja, Garuda Tunda Bayar Kupon Sukuk Global",2021-06-17,222.0,20291700.0,0.0,0,0.0,0
"Tunda Bayar Sukuk Jatuh Tempo, Saham Garuda Disuspensi BEI",2021-06-18,222.0,0.0,0.0,0,0.0,0
Intip 7 Kabar Pasar Ini: Nasib Garuda hingga Pajak Bitcoin cs,2021-06-21,222.0,0.0,0.0,0,0.0,0
"Kebut Restrukturisasi, Garuda Indonesia Rugi Rp 35 T di 2020",2021-06-21,222.0,0.0,0.0,0,0.0,0
"Wah! 1.099 Karyawan Garuda Daftar Pensiun Dini, Pilot Sedikit",2021-06-21,222.0,0.0,0.0,0,0.0,0
"Berat! Garuda Bakal Tutup Rute Amsterdam, KL & Sydney",2021-06-21,222.0,0.0,0.0,0,0.0,0
Bos Garuda: Semua Sewa Pesawat Kemahalan!,2021-06-21,222.0,0.0,0.0,0,0.0,0
Problem Garuda: Rugi Rp35 T sampai Pensiun Dini 1.099 Pegawai,2021-06-22,222.0,0.0,0.0,0,0.0,0
Alert! BPK Minta BPJS Ketenagakerjaan Cut Loss di Saham Ini,2021-06-22,222.0,0.0,0.0,0,0.0,0
Wah! 5 Advisor Ini Bantu Restrukturisasi Utang Garuda Rp 70 T,2021-06-22,222.0,0.0,0.0,0,0.0,0
"Debat Panas DPR vs Bos Garuda soal Utang Rp 70 T, Ada Apa?",2021-06-22,222.0,0.0,0.0,0,0.0,0
"Utang Tembus Rp 70 T, Terungkap 7 Strategi Bertahan Garuda",2021-06-22,222.0,0.0,0.0,0,0.0,0
"Cari Cuan? Simak 10 Kabar Pasar Ini, Merger Axiata-IPO Emas",2021-06-22,222.0,0.0,0.0,0,0.0,0
"BPK Minta BP Jamsostek Cut Loss 6 Saham Ini, Cek Faktanya!",2021-06-23,222.0,0.0,0.0,0,0.0,0
"Kok Garuda Dilarang Terbang ke Hong Kong, Ada Apa nih?",2021-06-23,222.0,0.0,0.0,0,0.0,0
"Dilarang Terbang ke Hong Kong, Bos Garuda Protes Keras!",2021-06-23,222.0,0.0,0.0,0,0.0,0
"Diminta BPK Cut Loss, BP Jamsostek Mau Jual Rugi 6 Saham Ini?",2021-06-24,222.0,0.0,0.0,0,0.0,0
Menimbang Opsi Penyelamatan Garuda via Restrukturisasi,2021-06-25,222.0,0.0,0.0,0,0.0,0
"Komisaris & Dirut Garuda Positif Covid-19, Begini Kondisinya!",2021-06-26,222.0,0.0,0.0,0,0.0,0
"BRI-BNI-Mandiri Bantu Garuda 'Survive',Tenor Utang Jadi 2026",2021-06-27,222.0,0.0,0.0,0,0.0,0
"Ini 8 Kabar Heboh dari Pasar, Ada 12 Leasing Gulung Tikar",2021-06-28,222.0,0.0,0.0,0,0.0,0
"Eks Dirut BEI Kritik BPK, Terkesan Komando Cut Loss 6 Saham",2021-06-28,222.0,0.0,0.0,0,0.0,0
"Mulai Hari Ini, Penumpang Garuda Bisa Dapat Vaksinasi Sinovac",2021-06-30,222.0,0.0,0.0,0,0.0,0
"Lion Air Disebut Nunggak Utang Lessor Rp 7 T, Sinyal Apa Ini?",2021-07-02,222.0,0.0,0.0,0,0.0,0
"Pandu Sjahrir: Jika BP Jamsostek Tak di Market, Itu Kerugian!",2021-07-08,222.0,0.0,0.0,0,0.0,0
"Didenda KPPU soal Travel Umrah Rp 1 M, Begini Respons Garuda",2021-07-12,222.0,0.0,0.0,0,0.0,0
"Garuda Berpotensi Tunda Bayar Pokok KIK-EBA, Ini Alasannya!",2021-07-13,222.0,0.0,0.0,0,0.0,0
"Serikat Karyawan Garuda Kirim Surat ke Jokowi, Begini Isinya!",2021-07-14,222.0,0.0,0.0,0,0.0,0
"Minta Bantuan Jokowi, Ini Isi Surat Serikat Karyawan Garuda",2021-07-15,222.0,0.0,0.0,0,0.0,0
"Garuda Cetak Pendapatan Rp 20 T di 2020, Jasa Kargo Melonjak!",2021-07-16,222.0,0.0,0.0,0,0.0,0
"Ditopang Bisnis Kargo, Ini Lapkeu Lengkap Garuda di 2020",2021-07-19,222.0,0.0,0.0,0,0.0,0
"Digugat PKPU My Indo Airlines, Ini Respons Garuda Indonesia",2021-07-19,222.0,0.0,0.0,0,0.0,0
"Tambah 3, Ini Daftar 20 Saham Dipantau Khusus BEI, Waspada!",2021-07-21,222.0,0.0,0.0,0,0.0,0
"Garuda Gelar RUPS Bulan Depan, Komisaris & Direksi Dirombak?",2021-07-23,222.0,0.0,0.0,0,0.0,0
Bank Milik Salim & 16 Emiten Masuk Pemantauan Khusus BEI,2021-07-27,222.0,0.0,0.0,0,0.0,0
"Cairkan Sinking Fund, Garuda Bayar KIK-EBA Rp 135 M",2021-07-28,222.0,0.0,0.0,0,0.0,0
"Masih Rugi di Kuartal I, Garuda Cetak Pendapatan Rp 5,12 T",2021-08-02,222.0,0.0,0.0,0,0.0,0
"Deal! Garuda Lolos dari Gugatan Pailit, 9 Pesawat Direlokasi",2021-08-02,222.0,0.0,0.0,0,0.0,0
Membaik! Rugi Hanggar Pesawat Garuda GMFI di Q1 Berkurang 72%,2021-08-02,222.0,0.0,0.0,0,0.0,0
Sederet Kerja BUMN dalam Vaksinasi demi Herd Immunity 2021,2021-08-09,222.0,0.0,0.0,0,0.0,0
Bandel! 55 Emiten Ini Belum Setor Laporan Keuangan Maret 2021,2021-08-10,222.0,0.0,0.0,0,0.0,0
Tancap Gas! Garuda Finalisasi Business Plan-Restrukturisasi,2021-08-13,222.0,0.0,0.0,0,0.0,0
"Rombak Habis Pengurus Garuda, Ini Alasan Utama Erick Thohir",2021-08-13,222.0,0.0,0.0,0,0.0,0
"Rombak Direksi & Komisaris, Ini Rencana Garuda Berikutnya!",2021-08-13,222.0,0.0,0.0,0,0.0,0
"Triawan-Yenny Mundur, Ini Daftar Direksi & Komisaris Garuda",2021-08-13,222.0,0.0,0.0,0,0.0,0
Mengagetkan! Yenny Wahid Mundur dari Komisaris Garuda,2021-08-13,222.0,0.0,0.0,0,0.0,0
"RUPST Garuda Indonesia Hari Ini, Simak Agenda Lengkapnya!",2021-08-13,222.0,0.0,0.0,0,0.0,0
"Bukan Garuda, tapi Citilink Bakal Masuk Holding BUMN Aviasi!",2021-08-13,222.0,0.0,0.0,0,0.0,0
"Gantikan Triawan Munaf, Ini Sosok Timur Sukirno Komut Garuda",2021-08-13,222.0,0.0,0.0,0,0.0,0
"Borong Saham Emiten Harga 'Gocap', Apa Rencana Yusuf Mansur?",2021-08-16,222.0,0.0,0.0,0,0.0,0
"Cek 8 Informasi Penting, Buat Bekal Cari Cuan di Harpitnas",2021-08-16,222.0,0.0,0.0,0,0.0,0
"Diborong Yusuf Mansur Rp 30 M, Saham REAL Bangkit dari Kubur",2021-08-16,222.0,0.0,0.0,0,0.0,0
Luar Biasa! Yusuf Mansur Bangkitkan Saham Gocap dari Tidur,2021-08-17,222.0,0.0,0.0,0,0.0,0
Deal! Garuda & Rolls Royce Berdamai atas Gugatan Rp 640 M,2021-08-17,222.0,0.0,0.0,0,0.0,0
Ini 8 Kabar Pasar yang Patut Disimak untuk Lihat Potensi Cuan,2021-08-18,222.0,0.0,0.0,0,0.0,0
"'Tersengat' Yusuf Mansur, Saham REAL Ngamuk Lagi! Nyaris ARA",2021-08-18,222.0,0.0,0.0,0,0.0,0
"Jumlah Penumpang Drop, Garuda Tunggu Rute Umrah Dibuka",2021-08-19,222.0,0.0,0.0,0,0.0,0
"Manuver Yusuf Mansur Borong REAL-BEBS-ZBRA, Cek Jeroannya!",2021-08-25,222.0,0.0,0.0,0,0.0,0
"Deretan Saham yang Dikoleksi Yusuf Mansur, Yakin nih?",2021-08-26,222.0,0.0,0.0,0,,0
